town,region
Ashford,e
Bozrah,e
Brooklyn,e
Canterbury,e
Chaplin,e
Colchester,e
Columbia,e
Coventry,e
East Lyme,e
Eastford,e
Franklin,e
Griswold,e
Groton,e
Hampton,e
Killingly,e
Lebanon,e
Ledyard,e
Lisbon,e
Mansfield,e
Montville,e
New London,e
North Stonington,e
Norwich,e
Plainfield,e
Pomfret,e
Preston,e
Putnam,e
Salem,e
Scotland,e
Sprague,e
Sterling,e
Stonington,e
Thompson,e
Union,e
Voluntown,e
Waterford,e
Willington,e
Windham,e
Woodstock,e
Andover,nc
Avon,nc
Berlin,nc
Bloomfield,nc
Bolton,nc
Bristol,nc
Burlington,nc
Canton,nc
East Granby,nc
East Hartford,nc
East Windsor,nc
Ellington,nc
Enfield,nc
Farmington,nc
Glastonbury,nc
Granby,nc
Hartford,nc
Hebron,nc
Manchester,nc
Marlborough,nc
New Britain,nc
Newington,nc
Plainville,nc
Plymouth,nc
Rocky Hill,nc
Simsbury,nc
Somers,nc
Southington,nc
South Windsor,nc
Stafford,nc
Suffield,nc
Tolland,nc
Vernon,nc
West Hartford,nc
Wethersfield,nc
Windsor,nc
Windsor Locks,nc
Barkhamsted,nw
Beacon Falls,nw
Bethel,nw
Bethlehem,nw
Bridgewater,nw
Brookfield,nw
Canaan,nw
Cheshire,nw
Colebrook,nw
Cornwall,nw
Danbury,nw
Goshen,nw
Hartland,nw
Harwinton,nw
Kent,nw
Litchfield,nw
Middlebury,nw
Morris,nw
Naugatuck,nw
New Fairfield,nw
New Hartford,nw
New Milford,nw
Newtown,nw
Norfolk,nw
North Canaan,nw
Oxford,nw
Prospect,nw
Redding,nw
Ridgefield,nw
Roxbury,nw
Salisbury,nw
Sandy Hook,nw
Sharon,nw
Sherman,nw
Southbury,nw
Thomaston,nw
Torrington,nw
Warren,nw
Washington,nw
Waterbury,nw
Watertown,nw
Winchester,nw
Wolcott,nw
Woodbury,nw
Ansonia,sc
Bethany,sc
Branford,sc
Chester,sc
Clinton,sc
Cromwell,sc
Deep River,sc
Derby,sc
Durham,sc
East,sc
Haddam,sc
East Hampton,sc
East Haven,sc
Essex,sc
Guilford,sc
Haddam,sc
Hamden,sc
Killingworth,sc
Lyme,sc
Madison,sc
Meriden,sc
Middletown,sc
Middlefield,sc
Milford,sc
New Haven,sc
North Branford,sc
North Haven,sc
Old Lyme,sc
Old Saybrook,sc
Orange,sc
Portland,sc
Seymour,sc
Shelton,sc
Wallingford,sc
West Haven,sc
Westbrook,sc
Woodbridge,sc
Bridgeport,sw
Darien,sw
Easton,sw
Fairfield,sw
Greenwich,sw
Monroe,sw
New Canaan,sw
Norwalk,sw
Stamford,sw
Stratford,sw
Trumbull,sw
Weston,sw
Westport,sw
Wilton,sw